<?xml version="1.0" encoding="utf-8"?>
<unattend xmlns="urn:schemas-microsoft-com:unattend">
    <settings pass="specialize">
        <component name="Microsoft-Windows-Shell-Setup" processorArchitecture="amd64" publicKeyToken="31bf3856ad364e35" language="neutral" versionScope="nonSxS" xmlns:wcm="http://schemas.microsoft.com/WMIConfig/2002/State" xmlns:xsi="http://www.w3.org/2001/XMLSchema-instance">
            <OEMInformation>
                <Manufacturer>Fabrikam</Manufacturer>
                <SupportHours>08:30 - 21:30</SupportHours>
                <SupportPhone>12345678</SupportPhone>
                <SupportURL>http://www.fabrikam.com</SupportURL>
                <Model>FabrikamFabrikam</Model>
                <Logo>%windir%\system32\OEM\FabrikamLogo.png</Logo>
            </OEMInformation>
            <ComputerName>CompName</ComputerName>
            <OEMName>OEMName</OEMName>
            <RegisteredOwner>New User</RegisteredOwner>
            <ProductKey>RHGJR-N7FVY-Q3B8F-KBQ6V-46YP4</ProductKey>
        </component>
        <component name="Microsoft-Windows-Shell-Setup" processorArchitecture="x86" publicKeyToken="31bf3856ad364e35" language="neutral" versionScope="nonSxS" xmlns:wcm="http://schemas.microsoft.com/WMIConfig/2002/State" xmlns:xsi="http://www.w3.org/2001/XMLSchema-instance">
            <OEMInformation>
                <Manufacturer>Fabrikam</Manufacturer>
                <SupportHours>08:30 - 21:30</SupportHours>
                <SupportPhone>12345678</SupportPhone>
                <SupportURL>http://www.fabrikam.com</SupportURL>
                <Model>FabrikamFabrikam</Model>
                <Logo>%windir%\system32\OEM\FabrikamLogo.png</Logo>
            </OEMInformation>
            <ComputerName>CompName</ComputerName>
            <OEMName>OEMName</OEMName>
            <RegisteredOwner>New User</RegisteredOwner>
            <ProductKey>NF6HC-QH89W-F8WYV-WWXV4-WFG6P</ProductKey>
        </component>
    </settings>
    <settings pass="windowsPE">
        <component name="Microsoft-Windows-Setup" processorArchitecture="amd64" publicKeyToken="31bf3856ad364e35" language="neutral" versionScope="nonSxS" xmlns:wcm="http://schemas.microsoft.com/WMIConfig/2002/State" xmlns:xsi="http://www.w3.org/2001/XMLSchema-instance">
            <UserData>
                <ProductKey>
                    <Key>NF6HC-QH89W-F8WYV-WWXV4-WFG6P</Key>
                    <WillShowUI>Never</WillShowUI>
                </ProductKey>
                <AcceptEula>true</AcceptEula>
            </UserData>
            <UseConfigurationSet>false</UseConfigurationSet>
        </component>
        <component name="Microsoft-Windows-Setup" processorArchitecture="x86" publicKeyToken="31bf3856ad364e35" language="neutral" versionScope="nonSxS" xmlns:wcm="http://schemas.microsoft.com/WMIConfig/2002/State" xmlns:xsi="http://www.w3.org/2001/XMLSchema-instance">
            <UserData>
                <ProductKey>
                    <Key>RHGJR-N7FVY-Q3B8F-KBQ6V-46YP4</Key>
                    <WillShowUI>Never</WillShowUI>
                </ProductKey>
                <AcceptEula>true</AcceptEula>
            </UserData>
            <UseConfigurationSet>false</UseConfigurationSet>
        </component>
        <component name="Microsoft-Windows-International-Core-WinPE" processorArchitecture="amd64" publicKeyToken="31bf3856ad364e35" language="neutral" versionScope="nonSxS" xmlns:wcm="http://schemas.microsoft.com/WMIConfig/2002/State" xmlns:xsi="http://www.w3.org/2001/XMLSchema-instance">
            <SetupUILanguage>
                <UILanguage>EN-US</UILanguage>
            </SetupUILanguage>
            <InputLocale>EN-US</InputLocale>
            <SystemLocale>EN-US</SystemLocale>
            <UILanguage>EN-US</UILanguage>
            <UserLocale>EN-US</UserLocale>
        </component>
        <component name="Microsoft-Windows-International-Core-WinPE" processorArchitecture="x86" publicKeyToken="31bf3856ad364e35" language="neutral" versionScope="nonSxS" xmlns:wcm="http://schemas.microsoft.com/WMIConfig/2002/State" xmlns:xsi="http://www.w3.org/2001/XMLSchema-instance">
            <SetupUILanguage>
                <UILanguage>EN-US</UILanguage>
            </SetupUILanguage>
            <InputLocale>EN-US</InputLocale>
            <SystemLocale>EN-US</SystemLocale>
            <UILanguage>EN-US</UILanguage>
            <UILanguageFallback></UILanguageFallback>
            <UserLocale>EN-US</UserLocale>
        </component>
    </settings>
    <settings pass="oobeSystem">
        <component name="Microsoft-Windows-Deployment" processorArchitecture="amd64" publicKeyToken="31bf3856ad364e35" language="neutral" versionScope="nonSxS" xmlns:wcm="http://schemas.microsoft.com/WMIConfig/2002/State" xmlns:xsi="http://www.w3.org/2001/XMLSchema-instance">
            <Reseal>
                <Mode>Audit</Mode>
            </Reseal>
        </component>
        <component name="Microsoft-Windows-Deployment" processorArchitecture="x86" publicKeyToken="31bf3856ad364e35" language="neutral" versionScope="nonSxS" xmlns:wcm="http://schemas.microsoft.com/WMIConfig/2002/State" xmlns:xsi="http://www.w3.org/2001/XMLSchema-instance">
            <Reseal>
                <Mode>Audit</Mode>
            </Reseal>
        </component>
    </settings>
    <cpi:offlineImage cpi:source="wim:e:/mywindows/sources/install.wim#Windows 10 Pro" xmlns:cpi="urn:schemas-microsoft-com:cpi" />
</unattend>
